INSERT INTO AUDITLOGS (OBJECTID, OBJECTTYPE, ACTIONPERFORMED, USERNAME, IPADDRESS, ACTIONDATE, PARAMETERS, COMMENTS, AUDITLEVEL) VALUES (1, 'U', 'Logged in', 'ADMINISTRATOR', '0:0:0:0:0:0:0:1', '2018-04-27 12:54:21.227000000', '', '', 1);
INSERT INTO AUDITLOGS (OBJECTID, OBJECTTYPE, ACTIONPERFORMED, USERNAME, IPADDRESS, ACTIONDATE, PARAMETERS, COMMENTS, AUDITLEVEL) VALUES (1, 'C', 'Created', 'ADMINISTRATOR', '0:0:0:0:0:0:0:1', '2018-04-27 12:54:40.817000000', 'ID : 1', 'Name : INVOICE', 1);
INSERT INTO AUDITLOGS (OBJECTID, OBJECTTYPE, ACTIONPERFORMED, USERNAME, IPADDRESS, ACTIONDATE, PARAMETERS, COMMENTS, AUDITLEVEL) VALUES (1, 'C', 'Permissions Changed', 'ADMINISTRATOR', '0:0:0:0:0:0:0:1', '2018-04-27 12:55:00.307000000', 'ID :1', 'Name : INVOICE', 1);
INSERT INTO AUDITLOGS (OBJECTID, OBJECTTYPE, ACTIONPERFORMED, USERNAME, IPADDRESS, ACTIONDATE, PARAMETERS, COMMENTS, AUDITLEVEL) VALUES (2, 'C', 'Created', 'ADMINISTRATOR', '0:0:0:0:0:0:0:1', '2018-04-27 12:55:16.790000000', 'ID : 2', 'Name : SHIPMENT', 1);
INSERT INTO AUDITLOGS (OBJECTID, OBJECTTYPE, ACTIONPERFORMED, USERNAME, IPADDRESS, ACTIONDATE, PARAMETERS, COMMENTS, AUDITLEVEL) VALUES (2, 'C', 'Permissions Changed', 'ADMINISTRATOR', '0:0:0:0:0:0:0:1', '2018-04-27 12:55:28.221000000', 'ID :2', 'Name : SHIPMENT', 1);
INSERT INTO AUDITLOGS (OBJECTID, OBJECTTYPE, ACTIONPERFORMED, USERNAME, IPADDRESS, ACTIONDATE, PARAMETERS, COMMENTS, AUDITLEVEL) VALUES (3, 'C', 'Created', 'ADMINISTRATOR', '0:0:0:0:0:0:0:1', '2018-04-27 12:55:39.314000000', 'ID : 3', 'Name : PO', 1);
INSERT INTO AUDITLOGS (OBJECTID, OBJECTTYPE, ACTIONPERFORMED, USERNAME, IPADDRESS, ACTIONDATE, PARAMETERS, COMMENTS, AUDITLEVEL) VALUES (3, 'C', 'Permissions Changed', 'ADMINISTRATOR', '0:0:0:0:0:0:0:1', '2018-04-27 12:55:53.669000000', 'ID :3', 'Name : PO', 1);
INSERT INTO AUDITLOGS (OBJECTID, OBJECTTYPE, ACTIONPERFORMED, USERNAME, IPADDRESS, ACTIONDATE, PARAMETERS, COMMENTS, AUDITLEVEL) VALUES (1, 'D', 'Created', 'ADMINISTRATOR', '0:0:0:0:0:0:0:1', '2018-04-27 12:56:21.166000000', '', 'Document created', 1);
INSERT INTO AUDITLOGS (OBJECTID, OBJECTTYPE, ACTIONPERFORMED, USERNAME, IPADDRESS, ACTIONDATE, PARAMETERS, COMMENTS, AUDITLEVEL) VALUES (2, 'D', 'Created', 'ADMINISTRATOR', '0:0:0:0:0:0:0:1', '2018-04-27 12:56:26.673000000', '', 'Document created', 1);
INSERT INTO AUDITLOGS (OBJECTID, OBJECTTYPE, ACTIONPERFORMED, USERNAME, IPADDRESS, ACTIONDATE, PARAMETERS, COMMENTS, AUDITLEVEL) VALUES (3, 'D', 'Created', 'ADMINISTRATOR', '0:0:0:0:0:0:0:1', '2018-04-27 12:56:34.939000000', '', 'Document created', 1);
INSERT INTO AUDITLOGS (OBJECTID, OBJECTTYPE, ACTIONPERFORMED, USERNAME, IPADDRESS, ACTIONDATE, PARAMETERS, COMMENTS, AUDITLEVEL) VALUES (1, 'C', 'Accessed', 'ADMINISTRATOR', '0:0:0:0:0:0:0:1', '2018-04-27 12:56:40.973000000', 'ID : 1', 'Name : INVOICE', 1);
INSERT INTO AUDITLOGS (OBJECTID, OBJECTTYPE, ACTIONPERFORMED, USERNAME, IPADDRESS, ACTIONDATE, PARAMETERS, COMMENTS, AUDITLEVEL) VALUES (2, 'C', 'Accessed', 'ADMINISTRATOR', '0:0:0:0:0:0:0:1', '2018-04-27 12:56:58.912000000', 'ID : 2', 'Name : SHIPMENT', 1);
INSERT INTO AUDITLOGS (OBJECTID, OBJECTTYPE, ACTIONPERFORMED, USERNAME, IPADDRESS, ACTIONDATE, PARAMETERS, COMMENTS, AUDITLEVEL) VALUES (4, 'D', 'Created', 'ADMINISTRATOR', '0:0:0:0:0:0:0:1', '2018-04-27 12:57:11.549000000', '', 'Document created', 1);
INSERT INTO AUDITLOGS (OBJECTID, OBJECTTYPE, ACTIONPERFORMED, USERNAME, IPADDRESS, ACTIONDATE, PARAMETERS, COMMENTS, AUDITLEVEL) VALUES (5, 'D', 'Created', 'ADMINISTRATOR', '0:0:0:0:0:0:0:1', '2018-04-27 12:57:19.009000000', '', 'Document created', 1);
INSERT INTO AUDITLOGS (OBJECTID, OBJECTTYPE, ACTIONPERFORMED, USERNAME, IPADDRESS, ACTIONDATE, PARAMETERS, COMMENTS, AUDITLEVEL) VALUES (6, 'D', 'Created', 'ADMINISTRATOR', '0:0:0:0:0:0:0:1', '2018-04-27 12:57:24.913000000', '', 'Document created', 1);
INSERT INTO AUDITLOGS (OBJECTID, OBJECTTYPE, ACTIONPERFORMED, USERNAME, IPADDRESS, ACTIONDATE, PARAMETERS, COMMENTS, AUDITLEVEL) VALUES (7, 'D', 'Created', 'ADMINISTRATOR', '0:0:0:0:0:0:0:1', '2018-04-27 12:57:40.276000000', '', 'Document created', 1);
INSERT INTO AUDITLOGS (OBJECTID, OBJECTTYPE, ACTIONPERFORMED, USERNAME, IPADDRESS, ACTIONDATE, PARAMETERS, COMMENTS, AUDITLEVEL) VALUES (8, 'D', 'Created', 'ADMINISTRATOR', '0:0:0:0:0:0:0:1', '2018-04-27 12:57:46.851000000', '', 'Document created', 1);
INSERT INTO AUDITLOGS (OBJECTID, OBJECTTYPE, ACTIONPERFORMED, USERNAME, IPADDRESS, ACTIONDATE, PARAMETERS, COMMENTS, AUDITLEVEL) VALUES (9, 'D', 'Created', 'ADMINISTRATOR', '0:0:0:0:0:0:0:1', '2018-04-27 12:57:53.298000000', '', 'Document created', 1);
INSERT INTO AUDITLOGS (OBJECTID, OBJECTTYPE, ACTIONPERFORMED, USERNAME, IPADDRESS, ACTIONDATE, PARAMETERS, COMMENTS, AUDITLEVEL) VALUES (1, 'U', 'Logged in', 'ADMINISTRATOR', '0:0:0:0:0:0:0:1', '2018-04-30 16:08:11.537000000', '', '', 1);
INSERT INTO AUDITLOGS (OBJECTID, OBJECTTYPE, ACTIONPERFORMED, USERNAME, IPADDRESS, ACTIONDATE, PARAMETERS, COMMENTS, AUDITLEVEL) VALUES (1, 'C', 'Edited', 'ADMINISTRATOR', '0:0:0:0:0:0:0:1', '2018-04-30 16:16:09.586000000', 'Name : INVOICE', 'Index PODATE  added', 1);
INSERT INTO AUDITLOGS (OBJECTID, OBJECTTYPE, ACTIONPERFORMED, USERNAME, IPADDRESS, ACTIONDATE, PARAMETERS, COMMENTS, AUDITLEVEL) VALUES (1, 'C', 'Edited', 'ADMINISTRATOR', '0:0:0:0:0:0:0:1', '2018-04-30 16:16:38.750000000', 'Name : INVOICE', 'Index PONUM  added', 1);
INSERT INTO AUDITLOGS (OBJECTID, OBJECTTYPE, ACTIONPERFORMED, USERNAME, IPADDRESS, ACTIONDATE, PARAMETERS, COMMENTS, AUDITLEVEL) VALUES (1, 'C', 'Edited', 'ADMINISTRATOR', '0:0:0:0:0:0:0:1', '2018-04-30 16:17:09.543000000', 'Name : INVOICE', 'Index CUSTNAME  added', 1);
INSERT INTO AUDITLOGS (OBJECTID, OBJECTTYPE, ACTIONPERFORMED, USERNAME, IPADDRESS, ACTIONDATE, PARAMETERS, COMMENTS, AUDITLEVEL) VALUES (1, 'C', 'Edited', 'ADMINISTRATOR', '0:0:0:0:0:0:0:1', '2018-04-30 16:17:34.312000000', 'Name : INVOICE', 'Index INVOICENUM  added', 1);
INSERT INTO AUDITLOGS (OBJECTID, OBJECTTYPE, ACTIONPERFORMED, USERNAME, IPADDRESS, ACTIONDATE, PARAMETERS, COMMENTS, AUDITLEVEL) VALUES (1, 'C', 'Edited', 'ADMINISTRATOR', '0:0:0:0:0:0:0:1', '2018-04-30 16:18:07.623000000', 'Name : INVOICE', 'Index AMOUNT  added', 1);
INSERT INTO AUDITLOGS (OBJECTID, OBJECTTYPE, ACTIONPERFORMED, USERNAME, IPADDRESS, ACTIONDATE, PARAMETERS, COMMENTS, AUDITLEVEL) VALUES (1, 'C', 'Accessed', 'ADMINISTRATOR', '0:0:0:0:0:0:0:1', '2018-04-30 16:18:25.239000000', 'ID : 1', 'Name : INVOICE', 1);
INSERT INTO AUDITLOGS (OBJECTID, OBJECTTYPE, ACTIONPERFORMED, USERNAME, IPADDRESS, ACTIONDATE, PARAMETERS, COMMENTS, AUDITLEVEL) VALUES (1, 'D', 'Accessed', 'ADMINISTRATOR', '0:0:0:0:0:0:0:1', '2018-04-30 16:18:32.236000000', '', 'Document ID : 1 accessed', 1);
INSERT INTO AUDITLOGS (OBJECTID, OBJECTTYPE, ACTIONPERFORMED, USERNAME, IPADDRESS, ACTIONDATE, PARAMETERS, COMMENTS, AUDITLEVEL) VALUES (2, 'D', 'Accessed', 'ADMINISTRATOR', '0:0:0:0:0:0:0:1', '2018-04-30 16:19:01.851000000', '', 'Document ID : 2 accessed', 1);
INSERT INTO AUDITLOGS (OBJECTID, OBJECTTYPE, ACTIONPERFORMED, USERNAME, IPADDRESS, ACTIONDATE, PARAMETERS, COMMENTS, AUDITLEVEL) VALUES (3, 'D', 'Accessed', 'ADMINISTRATOR', '0:0:0:0:0:0:0:1', '2018-04-30 16:19:12.687000000', '', 'Document ID : 3 accessed', 1);
INSERT INTO AUDITLOGS (OBJECTID, OBJECTTYPE, ACTIONPERFORMED, USERNAME, IPADDRESS, ACTIONDATE, PARAMETERS, COMMENTS, AUDITLEVEL) VALUES (3, 'D', 'Accessed', 'ADMINISTRATOR', '0:0:0:0:0:0:0:1', '2018-04-30 16:20:09.175000000', '', 'Document ID : 3 accessed', 1);
INSERT INTO AUDITLOGS (OBJECTID, OBJECTTYPE, ACTIONPERFORMED, USERNAME, IPADDRESS, ACTIONDATE, PARAMETERS, COMMENTS, AUDITLEVEL) VALUES (3, 'D', 'Edited', 'ADMINISTRATOR', '0:0:0:0:0:0:0:1', '2018-04-30 16:20:54.847000000', 'Revision No :1.0', '', 1);
INSERT INTO AUDITLOGS (OBJECTID, OBJECTTYPE, ACTIONPERFORMED, USERNAME, IPADDRESS, ACTIONDATE, PARAMETERS, COMMENTS, AUDITLEVEL) VALUES (1, 'C', 'Accessed', 'ADMINISTRATOR', '0:0:0:0:0:0:0:1', '2018-04-30 16:21:00.923000000', 'ID : 1', 'Name : INVOICE', 1);
INSERT INTO AUDITLOGS (OBJECTID, OBJECTTYPE, ACTIONPERFORMED, USERNAME, IPADDRESS, ACTIONDATE, PARAMETERS, COMMENTS, AUDITLEVEL) VALUES (2, 'D', 'Accessed', 'ADMINISTRATOR', '0:0:0:0:0:0:0:1', '2018-04-30 16:21:05.728000000', '', 'Document ID : 2 accessed', 1);
INSERT INTO AUDITLOGS (OBJECTID, OBJECTTYPE, ACTIONPERFORMED, USERNAME, IPADDRESS, ACTIONDATE, PARAMETERS, COMMENTS, AUDITLEVEL) VALUES (2, 'D', 'Edited', 'ADMINISTRATOR', '0:0:0:0:0:0:0:1', '2018-04-30 16:21:52.860000000', 'Revision No :1.0', '', 1);
INSERT INTO AUDITLOGS (OBJECTID, OBJECTTYPE, ACTIONPERFORMED, USERNAME, IPADDRESS, ACTIONDATE, PARAMETERS, COMMENTS, AUDITLEVEL) VALUES (1, 'C', 'Accessed', 'ADMINISTRATOR', '0:0:0:0:0:0:0:1', '2018-04-30 16:22:06.124000000', 'ID : 1', 'Name : INVOICE', 1);
INSERT INTO AUDITLOGS (OBJECTID, OBJECTTYPE, ACTIONPERFORMED, USERNAME, IPADDRESS, ACTIONDATE, PARAMETERS, COMMENTS, AUDITLEVEL) VALUES (1, 'D', 'Accessed', 'ADMINISTRATOR', '0:0:0:0:0:0:0:1', '2018-04-30 16:22:10.201000000', '', 'Document ID : 1 accessed', 1);
INSERT INTO AUDITLOGS (OBJECTID, OBJECTTYPE, ACTIONPERFORMED, USERNAME, IPADDRESS, ACTIONDATE, PARAMETERS, COMMENTS, AUDITLEVEL) VALUES (1, 'D', 'Edited', 'ADMINISTRATOR', '0:0:0:0:0:0:0:1', '2018-04-30 16:22:56.571000000', 'Revision No :1.0', '', 1);
INSERT INTO AUDITLOGS (OBJECTID, OBJECTTYPE, ACTIONPERFORMED, USERNAME, IPADDRESS, ACTIONDATE, PARAMETERS, COMMENTS, AUDITLEVEL) VALUES (1, 'C', 'Accessed', 'ADMINISTRATOR', '0:0:0:0:0:0:0:1', '2018-04-30 16:23:00.851000000', 'ID : 1', 'Name : INVOICE', 1);
INSERT INTO AUDITLOGS (OBJECTID, OBJECTTYPE, ACTIONPERFORMED, USERNAME, IPADDRESS, ACTIONDATE, PARAMETERS, COMMENTS, AUDITLEVEL) VALUES (3, 'C', 'Accessed', 'ADMINISTRATOR', '0:0:0:0:0:0:0:1', '2018-04-30 16:23:11.948000000', 'ID : 3', 'Name : PO', 1);
INSERT INTO AUDITLOGS (OBJECTID, OBJECTTYPE, ACTIONPERFORMED, USERNAME, IPADDRESS, ACTIONDATE, PARAMETERS, COMMENTS, AUDITLEVEL) VALUES (3, 'C', 'Edited', 'ADMINISTRATOR', '0:0:0:0:0:0:0:1', '2018-04-30 16:24:53.592000000', 'Name : PO', 'Index PODATE  added', 1);
INSERT INTO AUDITLOGS (OBJECTID, OBJECTTYPE, ACTIONPERFORMED, USERNAME, IPADDRESS, ACTIONDATE, PARAMETERS, COMMENTS, AUDITLEVEL) VALUES (3, 'C', 'Edited', 'ADMINISTRATOR', '0:0:0:0:0:0:0:1', '2018-04-30 16:25:08.989000000', 'Name : PO', 'Index CUSTNO  added', 1);
INSERT INTO AUDITLOGS (OBJECTID, OBJECTTYPE, ACTIONPERFORMED, USERNAME, IPADDRESS, ACTIONDATE, PARAMETERS, COMMENTS, AUDITLEVEL) VALUES (3, 'C', 'Edited', 'ADMINISTRATOR', '0:0:0:0:0:0:0:1', '2018-04-30 16:25:25.136000000', 'Name : PO', 'Index CUSTNAME  added', 1);
INSERT INTO AUDITLOGS (OBJECTID, OBJECTTYPE, ACTIONPERFORMED, USERNAME, IPADDRESS, ACTIONDATE, PARAMETERS, COMMENTS, AUDITLEVEL) VALUES (3, 'C', 'Edited', 'ADMINISTRATOR', '0:0:0:0:0:0:0:1', '2018-04-30 16:25:44.893000000', 'Name : PO', 'Index PONUM  added', 1);
INSERT INTO AUDITLOGS (OBJECTID, OBJECTTYPE, ACTIONPERFORMED, USERNAME, IPADDRESS, ACTIONDATE, PARAMETERS, COMMENTS, AUDITLEVEL) VALUES (3, 'C', 'Accessed', 'ADMINISTRATOR', '0:0:0:0:0:0:0:1', '2018-04-30 16:25:52.088000000', 'ID : 3', 'Name : PO', 1);
INSERT INTO AUDITLOGS (OBJECTID, OBJECTTYPE, ACTIONPERFORMED, USERNAME, IPADDRESS, ACTIONDATE, PARAMETERS, COMMENTS, AUDITLEVEL) VALUES (7, 'D', 'Accessed', 'ADMINISTRATOR', '0:0:0:0:0:0:0:1', '2018-04-30 16:25:55.646000000', '', 'Document ID : 7 accessed', 1);
INSERT INTO AUDITLOGS (OBJECTID, OBJECTTYPE, ACTIONPERFORMED, USERNAME, IPADDRESS, ACTIONDATE, PARAMETERS, COMMENTS, AUDITLEVEL) VALUES (8, 'D', 'Accessed', 'ADMINISTRATOR', '0:0:0:0:0:0:0:1', '2018-04-30 16:26:19.953000000', '', 'Document ID : 8 accessed', 1);
INSERT INTO AUDITLOGS (OBJECTID, OBJECTTYPE, ACTIONPERFORMED, USERNAME, IPADDRESS, ACTIONDATE, PARAMETERS, COMMENTS, AUDITLEVEL) VALUES (9, 'D', 'Accessed', 'ADMINISTRATOR', '0:0:0:0:0:0:0:1', '2018-04-30 16:26:25.286000000', '', 'Document ID : 9 accessed', 1);
INSERT INTO AUDITLOGS (OBJECTID, OBJECTTYPE, ACTIONPERFORMED, USERNAME, IPADDRESS, ACTIONDATE, PARAMETERS, COMMENTS, AUDITLEVEL) VALUES (9, 'D', 'Edited', 'ADMINISTRATOR', '0:0:0:0:0:0:0:1', '2018-04-30 16:26:56.230000000', 'Revision No :1.0', '', 1);
INSERT INTO AUDITLOGS (OBJECTID, OBJECTTYPE, ACTIONPERFORMED, USERNAME, IPADDRESS, ACTIONDATE, PARAMETERS, COMMENTS, AUDITLEVEL) VALUES (8, 'D', 'Accessed', 'ADMINISTRATOR', '0:0:0:0:0:0:0:1', '2018-04-30 16:27:01.619000000', '', 'Document ID : 8 accessed', 1);
INSERT INTO AUDITLOGS (OBJECTID, OBJECTTYPE, ACTIONPERFORMED, USERNAME, IPADDRESS, ACTIONDATE, PARAMETERS, COMMENTS, AUDITLEVEL) VALUES (8, 'D', 'Edited', 'ADMINISTRATOR', '0:0:0:0:0:0:0:1', '2018-04-30 16:27:43.663000000', 'Revision No :1.0', '', 1);
INSERT INTO AUDITLOGS (OBJECTID, OBJECTTYPE, ACTIONPERFORMED, USERNAME, IPADDRESS, ACTIONDATE, PARAMETERS, COMMENTS, AUDITLEVEL) VALUES (7, 'D', 'Accessed', 'ADMINISTRATOR', '0:0:0:0:0:0:0:1', '2018-04-30 16:27:53.686000000', '', 'Document ID : 7 accessed', 1);
INSERT INTO AUDITLOGS (OBJECTID, OBJECTTYPE, ACTIONPERFORMED, USERNAME, IPADDRESS, ACTIONDATE, PARAMETERS, COMMENTS, AUDITLEVEL) VALUES (7, 'D', 'Edited', 'ADMINISTRATOR', '0:0:0:0:0:0:0:1', '2018-04-30 16:28:28.480000000', 'Revision No :1.0', '', 1);
INSERT INTO AUDITLOGS (OBJECTID, OBJECTTYPE, ACTIONPERFORMED, USERNAME, IPADDRESS, ACTIONDATE, PARAMETERS, COMMENTS, AUDITLEVEL) VALUES (3, 'C', 'Accessed', 'ADMINISTRATOR', '0:0:0:0:0:0:0:1', '2018-04-30 16:28:36.486000000', 'ID : 3', 'Name : PO', 1);
INSERT INTO AUDITLOGS (OBJECTID, OBJECTTYPE, ACTIONPERFORMED, USERNAME, IPADDRESS, ACTIONDATE, PARAMETERS, COMMENTS, AUDITLEVEL) VALUES (2, 'C', 'Accessed', 'ADMINISTRATOR', '0:0:0:0:0:0:0:1', '2018-04-30 16:28:57.103000000', 'ID : 2', 'Name : SHIPMENT', 1);
INSERT INTO AUDITLOGS (OBJECTID, OBJECTTYPE, ACTIONPERFORMED, USERNAME, IPADDRESS, ACTIONDATE, PARAMETERS, COMMENTS, AUDITLEVEL) VALUES (2, 'C', 'Edited', 'ADMINISTRATOR', '0:0:0:0:0:0:0:1', '2018-04-30 16:32:37.107000000', 'Name : SHIPMENT', 'Index PONUM  added', 1);
INSERT INTO AUDITLOGS (OBJECTID, OBJECTTYPE, ACTIONPERFORMED, USERNAME, IPADDRESS, ACTIONDATE, PARAMETERS, COMMENTS, AUDITLEVEL) VALUES (2, 'C', 'Edited', 'ADMINISTRATOR', '0:0:0:0:0:0:0:1', '2018-04-30 16:32:52.772000000', 'Name : SHIPMENT', 'Index INVOICENUM  added', 1);
INSERT INTO AUDITLOGS (OBJECTID, OBJECTTYPE, ACTIONPERFORMED, USERNAME, IPADDRESS, ACTIONDATE, PARAMETERS, COMMENTS, AUDITLEVEL) VALUES (2, 'C', 'Edited', 'ADMINISTRATOR', '0:0:0:0:0:0:0:1', '2018-04-30 16:33:07.765000000', 'Name : SHIPMENT', 'Index SHIPDATE  added', 1);
INSERT INTO AUDITLOGS (OBJECTID, OBJECTTYPE, ACTIONPERFORMED, USERNAME, IPADDRESS, ACTIONDATE, PARAMETERS, COMMENTS, AUDITLEVEL) VALUES (2, 'C', 'Edited', 'ADMINISTRATOR', '0:0:0:0:0:0:0:1', '2018-04-30 16:33:23.409000000', 'Name : SHIPMENT', 'Index PODATE  added', 1);
INSERT INTO AUDITLOGS (OBJECTID, OBJECTTYPE, ACTIONPERFORMED, USERNAME, IPADDRESS, ACTIONDATE, PARAMETERS, COMMENTS, AUDITLEVEL) VALUES (2, 'C', 'Accessed', 'ADMINISTRATOR', '0:0:0:0:0:0:0:1', '2018-04-30 16:34:12.595000000', 'ID : 2', 'Name : SHIPMENT', 1);
INSERT INTO AUDITLOGS (OBJECTID, OBJECTTYPE, ACTIONPERFORMED, USERNAME, IPADDRESS, ACTIONDATE, PARAMETERS, COMMENTS, AUDITLEVEL) VALUES (6, 'D', 'Accessed', 'ADMINISTRATOR', '0:0:0:0:0:0:0:1', '2018-04-30 16:34:16.096000000', '', 'Document ID : 6 accessed', 1);
INSERT INTO AUDITLOGS (OBJECTID, OBJECTTYPE, ACTIONPERFORMED, USERNAME, IPADDRESS, ACTIONDATE, PARAMETERS, COMMENTS, AUDITLEVEL) VALUES (6, 'D', 'Accessed', 'ADMINISTRATOR', '0:0:0:0:0:0:0:1', '2018-04-30 16:35:05.464000000', '', 'Document ID : 6 accessed', 1);
INSERT INTO AUDITLOGS (OBJECTID, OBJECTTYPE, ACTIONPERFORMED, USERNAME, IPADDRESS, ACTIONDATE, PARAMETERS, COMMENTS, AUDITLEVEL) VALUES (1, 'U', 'Logged in', 'ADMINISTRATOR', '0:0:0:0:0:0:0:1', '2018-04-30 17:20:34.578000000', '', '', 1);
INSERT INTO AUDITLOGS (OBJECTID, OBJECTTYPE, ACTIONPERFORMED, USERNAME, IPADDRESS, ACTIONDATE, PARAMETERS, COMMENTS, AUDITLEVEL) VALUES (2, 'C', 'Accessed', 'ADMINISTRATOR', '0:0:0:0:0:0:0:1', '2018-04-30 17:21:21.510000000', 'ID : 2', 'Name : SHIPMENT', 1);
INSERT INTO AUDITLOGS (OBJECTID, OBJECTTYPE, ACTIONPERFORMED, USERNAME, IPADDRESS, ACTIONDATE, PARAMETERS, COMMENTS, AUDITLEVEL) VALUES (6, 'D', 'Accessed', 'ADMINISTRATOR', '0:0:0:0:0:0:0:1', '2018-04-30 17:21:26.896000000', '', 'Document ID : 6 accessed', 1);
INSERT INTO AUDITLOGS (OBJECTID, OBJECTTYPE, ACTIONPERFORMED, USERNAME, IPADDRESS, ACTIONDATE, PARAMETERS, COMMENTS, AUDITLEVEL) VALUES (2, 'C', 'Accessed', 'ADMINISTRATOR', '0:0:0:0:0:0:0:1', '2018-04-30 17:21:38.090000000', 'ID : 2', 'Name : SHIPMENT', 1);
INSERT INTO AUDITLOGS (OBJECTID, OBJECTTYPE, ACTIONPERFORMED, USERNAME, IPADDRESS, ACTIONDATE, PARAMETERS, COMMENTS, AUDITLEVEL) VALUES (6, 'D', 'Accessed', 'ADMINISTRATOR', '0:0:0:0:0:0:0:1', '2018-04-30 17:21:54.604000000', '', 'Document ID : 6 accessed', 1);
INSERT INTO AUDITLOGS (OBJECTID, OBJECTTYPE, ACTIONPERFORMED, USERNAME, IPADDRESS, ACTIONDATE, PARAMETERS, COMMENTS, AUDITLEVEL) VALUES (6, 'D', 'Edited', 'ADMINISTRATOR', '0:0:0:0:0:0:0:1', '2018-04-30 17:23:38.252000000', 'Revision No :1.0', '', 1);
INSERT INTO AUDITLOGS (OBJECTID, OBJECTTYPE, ACTIONPERFORMED, USERNAME, IPADDRESS, ACTIONDATE, PARAMETERS, COMMENTS, AUDITLEVEL) VALUES (6, 'D', 'Edited', 'ADMINISTRATOR', '0:0:0:0:0:0:0:1', '2018-04-30 17:30:15.126000000', 'Revision No :1.0', '', 1);
INSERT INTO AUDITLOGS (OBJECTID, OBJECTTYPE, ACTIONPERFORMED, USERNAME, IPADDRESS, ACTIONDATE, PARAMETERS, COMMENTS, AUDITLEVEL) VALUES (5, 'D', 'Accessed', 'ADMINISTRATOR', '0:0:0:0:0:0:0:1', '2018-04-30 17:30:17.391000000', '', 'Document ID : 5 accessed', 1);
INSERT INTO AUDITLOGS (OBJECTID, OBJECTTYPE, ACTIONPERFORMED, USERNAME, IPADDRESS, ACTIONDATE, PARAMETERS, COMMENTS, AUDITLEVEL) VALUES (2, 'C', 'Accessed', 'ADMINISTRATOR', '0:0:0:0:0:0:0:1', '2018-04-30 17:31:20.941000000', 'ID : 2', 'Name : SHIPMENT', 1);
INSERT INTO AUDITLOGS (OBJECTID, OBJECTTYPE, ACTIONPERFORMED, USERNAME, IPADDRESS, ACTIONDATE, PARAMETERS, COMMENTS, AUDITLEVEL) VALUES (5, 'D', 'Accessed', 'ADMINISTRATOR', '0:0:0:0:0:0:0:1', '2018-04-30 17:31:23.776000000', '', 'Document ID : 5 accessed', 1);
INSERT INTO AUDITLOGS (OBJECTID, OBJECTTYPE, ACTIONPERFORMED, USERNAME, IPADDRESS, ACTIONDATE, PARAMETERS, COMMENTS, AUDITLEVEL) VALUES (4, 'D', 'Accessed', 'ADMINISTRATOR', '0:0:0:0:0:0:0:1', '2018-04-30 17:31:47.200000000', '', 'Document ID : 4 accessed', 1);
INSERT INTO AUDITLOGS (OBJECTID, OBJECTTYPE, ACTIONPERFORMED, USERNAME, IPADDRESS, ACTIONDATE, PARAMETERS, COMMENTS, AUDITLEVEL) VALUES (4, 'D', 'Edited', 'ADMINISTRATOR', '0:0:0:0:0:0:0:1', '2018-04-30 17:32:33.632000000', 'Revision No :1.0', '', 1);
INSERT INTO AUDITLOGS (OBJECTID, OBJECTTYPE, ACTIONPERFORMED, USERNAME, IPADDRESS, ACTIONDATE, PARAMETERS, COMMENTS, AUDITLEVEL) VALUES (6, 'D', 'Accessed', 'ADMINISTRATOR', '0:0:0:0:0:0:0:1', '2018-04-30 17:32:43.693000000', '', 'Document ID : 6 accessed', 1);
INSERT INTO AUDITLOGS (OBJECTID, OBJECTTYPE, ACTIONPERFORMED, USERNAME, IPADDRESS, ACTIONDATE, PARAMETERS, COMMENTS, AUDITLEVEL) VALUES (5, 'D', 'Accessed', 'ADMINISTRATOR', '0:0:0:0:0:0:0:1', '2018-04-30 17:32:46.227000000', '', 'Document ID : 5 accessed', 1);
INSERT INTO AUDITLOGS (OBJECTID, OBJECTTYPE, ACTIONPERFORMED, USERNAME, IPADDRESS, ACTIONDATE, PARAMETERS, COMMENTS, AUDITLEVEL) VALUES (5, 'D', 'Edited', 'ADMINISTRATOR', '0:0:0:0:0:0:0:1', '2018-04-30 17:33:38.547000000', 'Revision No :1.0', '', 1);
INSERT INTO AUDITLOGS (OBJECTID, OBJECTTYPE, ACTIONPERFORMED, USERNAME, IPADDRESS, ACTIONDATE, PARAMETERS, COMMENTS, AUDITLEVEL) VALUES (2, 'C', 'Accessed', 'ADMINISTRATOR', '0:0:0:0:0:0:0:1', '2018-04-30 17:33:44.056000000', 'ID : 2', 'Name : SHIPMENT', 1);
INSERT INTO AUDITLOGS (OBJECTID, OBJECTTYPE, ACTIONPERFORMED, USERNAME, IPADDRESS, ACTIONDATE, PARAMETERS, COMMENTS, AUDITLEVEL) VALUES (2, 'C', 'Accessed', 'ADMINISTRATOR', '0:0:0:0:0:0:0:1', '2018-04-30 17:34:56.862000000', 'ID : 2', 'Name : SHIPMENT', 1);
INSERT INTO AUDITLOGS (OBJECTID, OBJECTTYPE, ACTIONPERFORMED, USERNAME, IPADDRESS, ACTIONDATE, PARAMETERS, COMMENTS, AUDITLEVEL) VALUES (2, 'C', 'Accessed', 'ADMINISTRATOR', '0:0:0:0:0:0:0:1', '2018-04-30 17:35:00.264000000', 'ID : 2', 'Name : SHIPMENT', 1);
INSERT INTO AUDITLOGS (OBJECTID, OBJECTTYPE, ACTIONPERFORMED, USERNAME, IPADDRESS, ACTIONDATE, PARAMETERS, COMMENTS, AUDITLEVEL) VALUES (1, 'C', 'Accessed', 'ADMINISTRATOR', '0:0:0:0:0:0:0:1', '2018-04-30 17:35:14.520000000', 'ID : 1', 'Name : INVOICE', 1);
INSERT INTO AUDITLOGS (OBJECTID, OBJECTTYPE, ACTIONPERFORMED, USERNAME, IPADDRESS, ACTIONDATE, PARAMETERS, COMMENTS, AUDITLEVEL) VALUES (2, 'C', 'Accessed', 'ADMINISTRATOR', '0:0:0:0:0:0:0:1', '2018-04-30 17:39:42.683000000', 'ID : 2', 'Name : SHIPMENT', 1);
INSERT INTO AUDITLOGS (OBJECTID, OBJECTTYPE, ACTIONPERFORMED, USERNAME, IPADDRESS, ACTIONDATE, PARAMETERS, COMMENTS, AUDITLEVEL) VALUES (1, 'U', 'Logged in', 'ADMINISTRATOR', '0:0:0:0:0:0:0:1', '2018-04-30 18:48:06.844000000', '', '', 1);
INSERT INTO AUDITLOGS (OBJECTID, OBJECTTYPE, ACTIONPERFORMED, USERNAME, IPADDRESS, ACTIONDATE, PARAMETERS, COMMENTS, AUDITLEVEL) VALUES (1, 'C', 'Accessed', 'ADMINISTRATOR', '0:0:0:0:0:0:0:1', '2018-04-30 18:48:14.336000000', 'ID : 1', 'Name : INVOICE', 1);
INSERT INTO AUDITLOGS (OBJECTID, OBJECTTYPE, ACTIONPERFORMED, USERNAME, IPADDRESS, ACTIONDATE, PARAMETERS, COMMENTS, AUDITLEVEL) VALUES (1, 'C', 'Accessed', 'ADMINISTRATOR', '0:0:0:0:0:0:0:1', '2018-04-30 18:48:21.203000000', 'ID : 1', 'Name : INVOICE', 1);
INSERT INTO AUDITLOGS (OBJECTID, OBJECTTYPE, ACTIONPERFORMED, USERNAME, IPADDRESS, ACTIONDATE, PARAMETERS, COMMENTS, AUDITLEVEL) VALUES (1, 'C', 'Accessed', 'ADMINISTRATOR', '0:0:0:0:0:0:0:1', '2018-04-30 18:48:22.917000000', 'ID : 1', 'Name : INVOICE', 1);
INSERT INTO AUDITLOGS (OBJECTID, OBJECTTYPE, ACTIONPERFORMED, USERNAME, IPADDRESS, ACTIONDATE, PARAMETERS, COMMENTS, AUDITLEVEL) VALUES (2, 'D', 'Accessed', 'ADMINISTRATOR', '0:0:0:0:0:0:0:1', '2018-04-30 18:48:27.173000000', '', 'Document ID : 2 accessed', 1);
INSERT INTO AUDITLOGS (OBJECTID, OBJECTTYPE, ACTIONPERFORMED, USERNAME, IPADDRESS, ACTIONDATE, PARAMETERS, COMMENTS, AUDITLEVEL) VALUES (1, 'U', 'Logged out', 'ADMINISTRATOR', '0:0:0:0:0:0:0:1', '2018-04-30 18:48:45.629000000', '', '', 1);
INSERT INTO AUDITLOGS (OBJECTID, OBJECTTYPE, ACTIONPERFORMED, USERNAME, IPADDRESS, ACTIONDATE, PARAMETERS, COMMENTS, AUDITLEVEL) VALUES (1, 'U', 'Logged in', 'ADMINISTRATOR', '0:0:0:0:0:0:0:1', '2018-05-02 12:55:06.822000000', '', '', 1);
INSERT INTO AUDITLOGS (OBJECTID, OBJECTTYPE, ACTIONPERFORMED, USERNAME, IPADDRESS, ACTIONDATE, PARAMETERS, COMMENTS, AUDITLEVEL) VALUES (1, 'C', 'Accessed', 'ADMINISTRATOR', '0:0:0:0:0:0:0:1', '2018-05-02 12:55:26.355000000', 'ID : 1', 'Name : INVOICE', 1);
INSERT INTO AUDITLOGS (OBJECTID, OBJECTTYPE, ACTIONPERFORMED, USERNAME, IPADDRESS, ACTIONDATE, PARAMETERS, COMMENTS, AUDITLEVEL) VALUES (3, 'D', 'Accessed', 'ADMINISTRATOR', '0:0:0:0:0:0:0:1', '2018-05-02 12:55:31.299000000', '', 'Document ID : 3 accessed', 1);
INSERT INTO AUDITLOGS (OBJECTID, OBJECTTYPE, ACTIONPERFORMED, USERNAME, IPADDRESS, ACTIONDATE, PARAMETERS, COMMENTS, AUDITLEVEL) VALUES (3, 'D', 'Checked out', 'ADMINISTRATOR', '0:0:0:0:0:0:0:1', '2018-05-02 12:55:37.214000000', 'Document ID :  3 Revision ID :1.0', 'Krystal_3_1_0_Obj.JPG Checked out', 1);
INSERT INTO AUDITLOGS (OBJECTID, OBJECTTYPE, ACTIONPERFORMED, USERNAME, IPADDRESS, ACTIONDATE, PARAMETERS, COMMENTS, AUDITLEVEL) VALUES (3, 'D', 'Checkout cancelled', 'ADMINISTRATOR', '0:0:0:0:0:0:0:1', '2018-05-02 12:55:57.647000000', 'Document ID :  3 Revision ID :1.0', 'Checkout Cancelled', 1);
INSERT INTO AUDITLOGS (OBJECTID, OBJECTTYPE, ACTIONPERFORMED, USERNAME, IPADDRESS, ACTIONDATE, PARAMETERS, COMMENTS, AUDITLEVEL) VALUES (1, 'C', 'Accessed', 'ADMINISTRATOR', '0:0:0:0:0:0:0:1', '2018-05-02 12:56:13.535000000', 'ID : 1', 'Name : INVOICE', 1);
INSERT INTO AUDITLOGS (OBJECTID, OBJECTTYPE, ACTIONPERFORMED, USERNAME, IPADDRESS, ACTIONDATE, PARAMETERS, COMMENTS, AUDITLEVEL) VALUES (3, 'D', 'Accessed', 'ADMINISTRATOR', '0:0:0:0:0:0:0:1', '2018-05-02 12:56:15.740000000', '', 'Document ID : 3 accessed', 1);
INSERT INTO AUDITLOGS (OBJECTID, OBJECTTYPE, ACTIONPERFORMED, USERNAME, IPADDRESS, ACTIONDATE, PARAMETERS, COMMENTS, AUDITLEVEL) VALUES (3, 'D', 'Checked out', 'ADMINISTRATOR', '0:0:0:0:0:0:0:1', '2018-05-02 12:57:48.446000000', 'Document ID :  3 Revision ID :1.0', 'Krystal_3_1_0_Obj.JPG Checked out', 1);
INSERT INTO AUDITLOGS (OBJECTID, OBJECTTYPE, ACTIONPERFORMED, USERNAME, IPADDRESS, ACTIONDATE, PARAMETERS, COMMENTS, AUDITLEVEL) VALUES (3, 'D', 'Downloaded', 'ADMINISTRATOR', '0:0:0:0:0:0:0:1', '2018-05-02 12:57:48.896000000', '', 'Document ID  : 3 downloaded', 1);
INSERT INTO AUDITLOGS (OBJECTID, OBJECTTYPE, ACTIONPERFORMED, USERNAME, IPADDRESS, ACTIONDATE, PARAMETERS, COMMENTS, AUDITLEVEL) VALUES (3, 'D', 'Checkout cancelled', 'ADMINISTRATOR', '0:0:0:0:0:0:0:1', '2018-05-02 12:57:57.264000000', 'Document ID :  3 Revision ID :1.0', 'Checkout Cancelled', 1);
INSERT INTO AUDITLOGS (OBJECTID, OBJECTTYPE, ACTIONPERFORMED, USERNAME, IPADDRESS, ACTIONDATE, PARAMETERS, COMMENTS, AUDITLEVEL) VALUES (1, 'U', 'Preferences Changed', 'ADMINISTRATOR', '0:0:0:0:0:0:0:1', '2018-05-02 12:59:33.177000000', '', '', 2);
INSERT INTO AUDITLOGS (OBJECTID, OBJECTTYPE, ACTIONPERFORMED, USERNAME, IPADDRESS, ACTIONDATE, PARAMETERS, COMMENTS, AUDITLEVEL) VALUES (2, 'C', 'Accessed', 'ADMINISTRATOR', '0:0:0:0:0:0:0:1', '2018-05-02 12:59:41.548000000', 'ID : 2', 'Name : SHIPMENT', 1);
INSERT INTO AUDITLOGS (OBJECTID, OBJECTTYPE, ACTIONPERFORMED, USERNAME, IPADDRESS, ACTIONDATE, PARAMETERS, COMMENTS, AUDITLEVEL) VALUES (4, 'D', 'Accessed', 'ADMINISTRATOR', '0:0:0:0:0:0:0:1', '2018-05-02 12:59:43.034000000', '', 'Document ID : 4 accessed', 1);
INSERT INTO AUDITLOGS (OBJECTID, OBJECTTYPE, ACTIONPERFORMED, USERNAME, IPADDRESS, ACTIONDATE, PARAMETERS, COMMENTS, AUDITLEVEL) VALUES (4, 'D', 'Checked out', 'ADMINISTRATOR', '0:0:0:0:0:0:0:1', '2018-05-02 12:59:47.204000000', 'Document ID :  4 Revision ID :1.0', 'Krystal_4_1_0_Obj.JPG Checked out', 1);
INSERT INTO AUDITLOGS (OBJECTID, OBJECTTYPE, ACTIONPERFORMED, USERNAME, IPADDRESS, ACTIONDATE, PARAMETERS, COMMENTS, AUDITLEVEL) VALUES (4, 'D', 'Downloaded', 'ADMINISTRATOR', '0:0:0:0:0:0:0:1', '2018-05-02 12:59:47.662000000', '', 'Document ID  : 4 downloaded', 1);
INSERT INTO AUDITLOGS (OBJECTID, OBJECTTYPE, ACTIONPERFORMED, USERNAME, IPADDRESS, ACTIONDATE, PARAMETERS, COMMENTS, AUDITLEVEL) VALUES (4, 'D', 'Checkout cancelled', 'ADMINISTRATOR', '0:0:0:0:0:0:0:1', '2018-05-02 13:01:14.368000000', 'Document ID :  4 Revision ID :1.0', 'Checkout Cancelled', 1);
INSERT INTO AUDITLOGS (OBJECTID, OBJECTTYPE, ACTIONPERFORMED, USERNAME, IPADDRESS, ACTIONDATE, PARAMETERS, COMMENTS, AUDITLEVEL) VALUES (1, 'U', 'Logged out', 'ADMINISTRATOR', '0:0:0:0:0:0:0:1', '2018-05-02 13:01:17.444000000', '', '', 1);
INSERT INTO AUDITLOGS (OBJECTID, OBJECTTYPE, ACTIONPERFORMED, USERNAME, IPADDRESS, ACTIONDATE, PARAMETERS, COMMENTS, AUDITLEVEL) VALUES (1, 'U', 'Logged in', 'ADMINISTRATOR', '0:0:0:0:0:0:0:1', '2018-05-02 13:07:15.483000000', '', '', 1);
INSERT INTO AUDITLOGS (OBJECTID, OBJECTTYPE, ACTIONPERFORMED, USERNAME, IPADDRESS, ACTIONDATE, PARAMETERS, COMMENTS, AUDITLEVEL) VALUES (1, 'U', 'Logged out', 'ADMINISTRATOR', '0:0:0:0:0:0:0:1', '2018-05-02 13:07:19.093000000', '', '', 1);
INSERT INTO AUDITLOGS (OBJECTID, OBJECTTYPE, ACTIONPERFORMED, USERNAME, IPADDRESS, ACTIONDATE, PARAMETERS, COMMENTS, AUDITLEVEL) VALUES (1, 'U', 'Logged in', 'ADMINISTRATOR', '0:0:0:0:0:0:0:1', '2018-05-02 15:21:23.074000000', '', '', 1);
INSERT INTO AUDITLOGS (OBJECTID, OBJECTTYPE, ACTIONPERFORMED, USERNAME, IPADDRESS, ACTIONDATE, PARAMETERS, COMMENTS, AUDITLEVEL) VALUES (1, 'C', 'Edited', 'ADMINISTRATOR', '0:0:0:0:0:0:0:1', '2018-05-02 15:22:43.391000000', 'Name : INVOICE', 'Index 1  added', 1);
INSERT INTO AUDITLOGS (OBJECTID, OBJECTTYPE, ACTIONPERFORMED, USERNAME, IPADDRESS, ACTIONDATE, PARAMETERS, COMMENTS, AUDITLEVEL) VALUES (1, 'C', 'Edited', 'ADMINISTRATOR', '0:0:0:0:0:0:0:1', '2018-05-02 15:22:50.556000000', 'Name : INVOICE', 'Index 1 deleted', 1);
INSERT INTO AUDITLOGS (OBJECTID, OBJECTTYPE, ACTIONPERFORMED, USERNAME, IPADDRESS, ACTIONDATE, PARAMETERS, COMMENTS, AUDITLEVEL) VALUES (1, 'U', 'Logged out', 'ADMINISTRATOR', '0:0:0:0:0:0:0:1', '2018-05-02 15:23:27.452000000', '', '', 1);
INSERT INTO AUDITLOGS (OBJECTID, OBJECTTYPE, ACTIONPERFORMED, USERNAME, IPADDRESS, ACTIONDATE, PARAMETERS, COMMENTS, AUDITLEVEL) VALUES (1, 'U', 'Logged in', 'ADMINISTRATOR', '0:0:0:0:0:0:0:1', '2018-05-30 15:24:31.990000000', '', '', 1);
INSERT INTO AUDITLOGS (OBJECTID, OBJECTTYPE, ACTIONPERFORMED, USERNAME, IPADDRESS, ACTIONDATE, PARAMETERS, COMMENTS, AUDITLEVEL) VALUES (4, 'C', 'Created', 'ADMINISTRATOR', '0:0:0:0:0:0:0:1', '2018-05-30 15:26:11.287000000', 'ID : 4', 'Name : test', 1);
INSERT INTO AUDITLOGS (OBJECTID, OBJECTTYPE, ACTIONPERFORMED, USERNAME, IPADDRESS, ACTIONDATE, PARAMETERS, COMMENTS, AUDITLEVEL) VALUES (4, 'C', 'Permissions Changed', 'ADMINISTRATOR', '0:0:0:0:0:0:0:1', '2018-05-30 15:28:48.262000000', 'ID :4', 'Name : test desc', 1);
INSERT INTO AUDITLOGS (OBJECTID, OBJECTTYPE, ACTIONPERFORMED, USERNAME, IPADDRESS, ACTIONDATE, PARAMETERS, COMMENTS, AUDITLEVEL) VALUES (10, 'D', 'Created', 'ADMINISTRATOR', '0:0:0:0:0:0:0:1', '2018-05-30 15:29:08.402000000', '', 'Document created', 1);
INSERT INTO AUDITLOGS (OBJECTID, OBJECTTYPE, ACTIONPERFORMED, USERNAME, IPADDRESS, ACTIONDATE, PARAMETERS, COMMENTS, AUDITLEVEL) VALUES (4, 'C', 'Accessed', 'ADMINISTRATOR', '0:0:0:0:0:0:0:1', '2018-05-30 15:29:21.123000000', 'ID : 4', 'Name : TEST', 1);
INSERT INTO AUDITLOGS (OBJECTID, OBJECTTYPE, ACTIONPERFORMED, USERNAME, IPADDRESS, ACTIONDATE, PARAMETERS, COMMENTS, AUDITLEVEL) VALUES (10, 'D', 'Accessed', 'ADMINISTRATOR', '0:0:0:0:0:0:0:1', '2018-05-30 15:29:45.151000000', '', 'Document ID : 10 accessed', 1);
INSERT INTO AUDITLOGS (OBJECTID, OBJECTTYPE, ACTIONPERFORMED, USERNAME, IPADDRESS, ACTIONDATE, PARAMETERS, COMMENTS, AUDITLEVEL) VALUES (10, 'D', 'Edited', 'ADMINISTRATOR', '0:0:0:0:0:0:0:1', '2018-05-30 15:30:06.792000000', 'Revision No :1.0', '', 1);
INSERT INTO AUDITLOGS (OBJECTID, OBJECTTYPE, ACTIONPERFORMED, USERNAME, IPADDRESS, ACTIONDATE, PARAMETERS, COMMENTS, AUDITLEVEL) VALUES (11, 'D', 'Created', 'ADMINISTRATOR', '0:0:0:0:0:0:0:1', '2018-05-30 15:30:51.299000000', '', 'Document created', 1);
INSERT INTO AUDITLOGS (OBJECTID, OBJECTTYPE, ACTIONPERFORMED, USERNAME, IPADDRESS, ACTIONDATE, PARAMETERS, COMMENTS, AUDITLEVEL) VALUES (4, 'C', 'Accessed', 'ADMINISTRATOR', '0:0:0:0:0:0:0:1', '2018-05-30 15:30:57.098000000', 'ID : 4', 'Name : TEST', 1);
INSERT INTO AUDITLOGS (OBJECTID, OBJECTTYPE, ACTIONPERFORMED, USERNAME, IPADDRESS, ACTIONDATE, PARAMETERS, COMMENTS, AUDITLEVEL) VALUES (11, 'D', 'Accessed', 'ADMINISTRATOR', '0:0:0:0:0:0:0:1', '2018-05-30 15:31:06.461000000', '', 'Document ID : 11 accessed', 1);
INSERT INTO AUDITLOGS (OBJECTID, OBJECTTYPE, ACTIONPERFORMED, USERNAME, IPADDRESS, ACTIONDATE, PARAMETERS, COMMENTS, AUDITLEVEL) VALUES (4, 'C', 'Accessed', 'ADMINISTRATOR', '0:0:0:0:0:0:0:1', '2018-05-30 15:34:56.628000000', 'ID : 4', 'Name : TEST', 1);
INSERT INTO AUDITLOGS (OBJECTID, OBJECTTYPE, ACTIONPERFORMED, USERNAME, IPADDRESS, ACTIONDATE, PARAMETERS, COMMENTS, AUDITLEVEL) VALUES (11, 'D', 'Accessed', 'ADMINISTRATOR', '0:0:0:0:0:0:0:1', '2018-05-30 15:35:00.215000000', '', 'Document ID : 11 accessed', 1);
INSERT INTO AUDITLOGS (OBJECTID, OBJECTTYPE, ACTIONPERFORMED, USERNAME, IPADDRESS, ACTIONDATE, PARAMETERS, COMMENTS, AUDITLEVEL) VALUES (11, 'D', 'Edited', 'ADMINISTRATOR', '0:0:0:0:0:0:0:1', '2018-05-30 15:35:10.927000000', 'Revision No :1.0', '', 1);


INSERT INTO DOCUMENTCLASSES (CLASSNAME, CLASSDESC, INDEXID, INDEXTABLENAME, INDEXCOUNT, DATATABLENAME, REVISIONCTL, MAXFILESIZE, DOCUMENTLIMIT, EXPIRYPERIOD, EXPIRYNOTIFICATIONPERIOD, CREATEDBY, CREATED, ACTIVE, TOTALDOCUMENTS, ACTIVEDOCUMENTS) VALUES ('INVOICE', 'INVOICE', 1, 'I0000001', 5, 'Z0000001', 'Y', 2147483647, 2147483647, 0, -1, 'ADMINISTRATOR', '2018-04-27 12:54:40.559000000', 'Y', 3, 3);
INSERT INTO DOCUMENTCLASSES (CLASSNAME, CLASSDESC, INDEXID, INDEXTABLENAME, INDEXCOUNT, DATATABLENAME, REVISIONCTL, MAXFILESIZE, DOCUMENTLIMIT, EXPIRYPERIOD, EXPIRYNOTIFICATIONPERIOD, CREATEDBY, CREATED, ACTIVE, TOTALDOCUMENTS, ACTIVEDOCUMENTS) VALUES ('SHIPMENT', 'SHIPMENT', 3, 'I0000002', 4, 'Z0000002', 'Y', 2147483647, 2147483647, 0, -1, 'ADMINISTRATOR', '2018-04-27 12:55:16.665000000', 'Y', 3, 3);
INSERT INTO DOCUMENTCLASSES (CLASSNAME, CLASSDESC, INDEXID, INDEXTABLENAME, INDEXCOUNT, DATATABLENAME, REVISIONCTL, MAXFILESIZE, DOCUMENTLIMIT, EXPIRYPERIOD, EXPIRYNOTIFICATIONPERIOD, CREATEDBY, CREATED, ACTIVE, TOTALDOCUMENTS, ACTIVEDOCUMENTS) VALUES ('PO', 'PO', 2, 'I0000003', 4, 'Z0000003', 'Y', 2147483647, 2147483647, 0, -1, 'ADMINISTRATOR', '2018-04-27 12:55:39.156000000', 'Y', 3, 3);
INSERT INTO DOCUMENTCLASSES (CLASSNAME, CLASSDESC, INDEXID, INDEXTABLENAME, INDEXCOUNT, DATATABLENAME, REVISIONCTL, MAXFILESIZE, DOCUMENTLIMIT, EXPIRYPERIOD, EXPIRYNOTIFICATIONPERIOD, CREATEDBY, CREATED, ACTIVE, TOTALDOCUMENTS, ACTIVEDOCUMENTS) VALUES ('TEST', 'test desc', -1, 'I0000004', 0, 'Z0000004', 'Y', 2147483647, 2147483647, 1, -1, 'ADMINISTRATOR', '2018-05-30 15:26:11.035000000', 'Y', 2, 2);


INSERT INTO DOCUMENTREVISIONS (DOCUMENTID, REVISIONID, SOFFSET, LENGTH) VALUES (1, '1.0', 1, 232843);
INSERT INTO DOCUMENTREVISIONS (DOCUMENTID, REVISIONID, SOFFSET, LENGTH) VALUES (2, '1.0', 2, 222456);
INSERT INTO DOCUMENTREVISIONS (DOCUMENTID, REVISIONID, SOFFSET, LENGTH) VALUES (3, '1.0', 3, 273311);
INSERT INTO DOCUMENTREVISIONS (DOCUMENTID, REVISIONID, SOFFSET, LENGTH) VALUES (4, '1.0', 1, 375115);
INSERT INTO DOCUMENTREVISIONS (DOCUMENTID, REVISIONID, SOFFSET, LENGTH) VALUES (5, '1.0', 2, 377967);
INSERT INTO DOCUMENTREVISIONS (DOCUMENTID, REVISIONID, SOFFSET, LENGTH) VALUES (6, '1.0', 3, 372284);
INSERT INTO DOCUMENTREVISIONS (DOCUMENTID, REVISIONID, SOFFSET, LENGTH) VALUES (7, '1.0', 1, 281216);
INSERT INTO DOCUMENTREVISIONS (DOCUMENTID, REVISIONID, SOFFSET, LENGTH) VALUES (8, '1.0', 2, 304564);
INSERT INTO DOCUMENTREVISIONS (DOCUMENTID, REVISIONID, SOFFSET, LENGTH) VALUES (9, '1.0', 3, 274081);
INSERT INTO DOCUMENTREVISIONS (DOCUMENTID, REVISIONID, SOFFSET, LENGTH) VALUES (10, '1.0', 1, 313375);
INSERT INTO DOCUMENTREVISIONS (DOCUMENTID, REVISIONID, SOFFSET, LENGTH) VALUES (11, '1.0', 2, 313375);


INSERT INTO DOCUMENTS (REVISIONID, CLASSID, DOCUMENTTYPE, STATUS, CREATED, MODIFIED, EXPIRY, EXT, HASNOTE, LASTACCESS, ACCESSCOUNT, CREATEDBY, MODIFIEDBY) VALUES ('1.0', 1, 'IMAGE', 'I', '2018-04-27 12:56:21.029000000', '2018-04-30 16:22:56.522000000', null, 'JPG', 0, '2018-04-30 16:22:56.522000000', 7, 'ADMINISTRATOR', 'ADMINISTRATOR');
INSERT INTO DOCUMENTS (REVISIONID, CLASSID, DOCUMENTTYPE, STATUS, CREATED, MODIFIED, EXPIRY, EXT, HASNOTE, LASTACCESS, ACCESSCOUNT, CREATEDBY, MODIFIEDBY) VALUES ('1.0', 1, 'IMAGE', 'I', '2018-04-27 12:56:26.652000000', '2018-04-30 16:21:52.761000000', null, 'JPG', 0, '2018-04-30 18:48:29.673000000', 10, 'ADMINISTRATOR', 'ADMINISTRATOR');
INSERT INTO DOCUMENTS (REVISIONID, CLASSID, DOCUMENTTYPE, STATUS, CREATED, MODIFIED, EXPIRY, EXT, HASNOTE, LASTACCESS, ACCESSCOUNT, CREATEDBY, MODIFIEDBY) VALUES ('1.0', 1, 'IMAGE', 'I', '2018-04-27 12:56:34.917000000', '2018-04-30 16:20:54.845000000', null, 'JPG', 0, '2018-05-02 12:57:48.796000000', 14, 'ADMINISTRATOR', 'ADMINISTRATOR');
INSERT INTO DOCUMENTS (REVISIONID, CLASSID, DOCUMENTTYPE, STATUS, CREATED, MODIFIED, EXPIRY, EXT, HASNOTE, LASTACCESS, ACCESSCOUNT, CREATEDBY, MODIFIEDBY) VALUES ('1.0', 2, 'IMAGE', 'I', '2018-04-27 12:57:11.354000000', '2018-04-30 17:32:33.585000000', null, 'JPG', 0, '2018-05-02 12:59:47.511000000', 8, 'ADMINISTRATOR', 'ADMINISTRATOR');
INSERT INTO DOCUMENTS (REVISIONID, CLASSID, DOCUMENTTYPE, STATUS, CREATED, MODIFIED, EXPIRY, EXT, HASNOTE, LASTACCESS, ACCESSCOUNT, CREATEDBY, MODIFIEDBY) VALUES ('1.0', 2, 'IMAGE', 'I', '2018-04-27 12:57:18.977000000', '2018-04-30 17:33:38.515000000', null, 'JPG', 0, '2018-04-30 17:33:38.515000000', 10, 'ADMINISTRATOR', 'ADMINISTRATOR');
INSERT INTO DOCUMENTS (REVISIONID, CLASSID, DOCUMENTTYPE, STATUS, CREATED, MODIFIED, EXPIRY, EXT, HASNOTE, LASTACCESS, ACCESSCOUNT, CREATEDBY, MODIFIEDBY) VALUES ('1.0', 2, 'IMAGE', 'I', '2018-04-27 12:57:24.886000000', '2018-04-30 17:30:15.126000000', null, 'JPG', 0, '2018-04-30 17:32:44.156000000', 16, 'ADMINISTRATOR', 'ADMINISTRATOR');
INSERT INTO DOCUMENTS (REVISIONID, CLASSID, DOCUMENTTYPE, STATUS, CREATED, MODIFIED, EXPIRY, EXT, HASNOTE, LASTACCESS, ACCESSCOUNT, CREATEDBY, MODIFIEDBY) VALUES ('1.0', 3, 'IMAGE', 'I', '2018-04-27 12:57:40.215000000', '2018-04-30 16:28:28.449000000', null, 'JPG', 0, '2018-04-30 16:28:28.449000000', 7, 'ADMINISTRATOR', 'ADMINISTRATOR');
INSERT INTO DOCUMENTS (REVISIONID, CLASSID, DOCUMENTTYPE, STATUS, CREATED, MODIFIED, EXPIRY, EXT, HASNOTE, LASTACCESS, ACCESSCOUNT, CREATEDBY, MODIFIEDBY) VALUES ('1.0', 3, 'IMAGE', 'I', '2018-04-27 12:57:46.827000000', '2018-04-30 16:27:43.635000000', null, 'JPG', 0, '2018-04-30 16:27:43.635000000', 7, 'ADMINISTRATOR', 'ADMINISTRATOR');
INSERT INTO DOCUMENTS (REVISIONID, CLASSID, DOCUMENTTYPE, STATUS, CREATED, MODIFIED, EXPIRY, EXT, HASNOTE, LASTACCESS, ACCESSCOUNT, CREATEDBY, MODIFIEDBY) VALUES ('1.0', 3, 'IMAGE', 'I', '2018-04-27 12:57:53.277000000', '2018-04-30 16:26:56.229000000', null, 'JPG', 0, '2018-04-30 16:26:56.229000000', 4, 'ADMINISTRATOR', 'ADMINISTRATOR');
INSERT INTO DOCUMENTS (REVISIONID, CLASSID, DOCUMENTTYPE, STATUS, CREATED, MODIFIED, EXPIRY, EXT, HASNOTE, LASTACCESS, ACCESSCOUNT, CREATEDBY, MODIFIEDBY) VALUES ('1.0', 4, 'IMAGE', 'I', '2018-05-30 15:29:08.150000000', '2018-05-30 15:30:06.787000000', '2018-05-30 15:30:06.787000000', 'JPG', 1, '2018-05-30 15:30:06.787000000', 4, 'ADMINISTRATOR', 'ADMINISTRATOR');
INSERT INTO DOCUMENTS (REVISIONID, CLASSID, DOCUMENTTYPE, STATUS, CREATED, MODIFIED, EXPIRY, EXT, HASNOTE, LASTACCESS, ACCESSCOUNT, CREATEDBY, MODIFIEDBY) VALUES ('1.0', 4, 'IMAGE', 'I', '2018-05-30 15:30:51.049000000', '2018-05-30 15:35:10.922000000', '2018-05-30 15:35:10.922000000', 'JPG', 1, '2018-05-30 15:35:10.922000000', 7, 'ADMINISTRATOR', 'ADMINISTRATOR');


INSERT INTO I0000001 (DOCUMENTID, REVISIONID, CONTENT, IPODATE, IPONUM, ICUSTNAME, IINVOICENUM, IAMOUNT) VALUES (1, '1.0', null, '2004-05-02', '002345', 'Scan shop', '80888', '14512');
INSERT INTO I0000001 (DOCUMENTID, REVISIONID, CONTENT, IPODATE, IPONUM, ICUSTNAME, IINVOICENUM, IAMOUNT) VALUES (2, '1.0', null, '2004-01-01', '002345', 'Trey Research', '60035', '4314');
INSERT INTO I0000001 (DOCUMENTID, REVISIONID, CONTENT, IPODATE, IPONUM, ICUSTNAME, IINVOICENUM, IAMOUNT) VALUES (3, '1.0', null, '2003-01-12', '001342', 'Third World', '50034', '1635');


INSERT INTO I0000002 (DOCUMENTID, REVISIONID, CONTENT, IPONUM, IINVOICENUM, ISHIPDATE, IPODATE) VALUES (4, '1.0', null, '10346', '80888', '2004-05-02', '2004-05-02');
INSERT INTO I0000002 (DOCUMENTID, REVISIONID, CONTENT, IPONUM, IINVOICENUM, ISHIPDATE, IPODATE) VALUES (5, '1.0', null, '002345', '60035', '2004-01-01', '2004-01-05');
INSERT INTO I0000002 (DOCUMENTID, REVISIONID, CONTENT, IPONUM, IINVOICENUM, ISHIPDATE, IPODATE) VALUES (6, '1.0', null, '001342', '50034', '2003-05-12', '2003-01-12');


INSERT INTO I0000003 (DOCUMENTID, REVISIONID, CONTENT, IPODATE, ICUSTNO, ICUSTNAME, IPONUM) VALUES (7, '1.0', null, '2004-01-01', '3422', 'Trey Research', '002345');
INSERT INTO I0000003 (DOCUMENTID, REVISIONID, CONTENT, IPODATE, ICUSTNO, ICUSTNAME, IPONUM) VALUES (8, '1.0', null, '2003-01-12', '3421', 'Third World', '001342');
INSERT INTO I0000003 (DOCUMENTID, REVISIONID, CONTENT, IPODATE, ICUSTNO, ICUSTNAME, IPONUM) VALUES (9, '1.0', null, '2004-05-02', '3423', 'Scan shop', '10346');


INSERT INTO I0000004 (DOCUMENTID, REVISIONID, CONTENT) VALUES (10, '1.0', null);
INSERT INTO I0000004 (DOCUMENTID, REVISIONID, CONTENT) VALUES (11, '1.0', null);


INSERT INTO INDEXES (INDEXID, SEQ, IDXCOLNAME, IDXDISPLAYNAME, IDXMAXLEN, IDXTYPE, DEFAULTFILTER, DEFAULTVALUE, MANDATORY) VALUES (1, 1, 'PODATE', 'Order Date', 12, 'D', '', '', 'N');
INSERT INTO INDEXES (INDEXID, SEQ, IDXCOLNAME, IDXDISPLAYNAME, IDXMAXLEN, IDXTYPE, DEFAULTFILTER, DEFAULTVALUE, MANDATORY) VALUES (1, 2, 'PONUM', 'Purchase Number', 20, 'S', '', '', 'N');
INSERT INTO INDEXES (INDEXID, SEQ, IDXCOLNAME, IDXDISPLAYNAME, IDXMAXLEN, IDXTYPE, DEFAULTFILTER, DEFAULTVALUE, MANDATORY) VALUES (1, 3, 'CUSTNAME', 'Customer Name', 30, 'S', '', '', 'N');
INSERT INTO INDEXES (INDEXID, SEQ, IDXCOLNAME, IDXDISPLAYNAME, IDXMAXLEN, IDXTYPE, DEFAULTFILTER, DEFAULTVALUE, MANDATORY) VALUES (1, 4, 'INVOICENUM', 'Invoice Number', 20, 'S', '', '', 'N');
INSERT INTO INDEXES (INDEXID, SEQ, IDXCOLNAME, IDXDISPLAYNAME, IDXMAXLEN, IDXTYPE, DEFAULTFILTER, DEFAULTVALUE, MANDATORY) VALUES (1, 5, 'AMOUNT', 'Amount', 20, 'S', '', '', 'N');
INSERT INTO INDEXES (INDEXID, SEQ, IDXCOLNAME, IDXDISPLAYNAME, IDXMAXLEN, IDXTYPE, DEFAULTFILTER, DEFAULTVALUE, MANDATORY) VALUES (2, 1, 'PODATE', 'PO Date', 12, 'D', '', '', 'N');
INSERT INTO INDEXES (INDEXID, SEQ, IDXCOLNAME, IDXDISPLAYNAME, IDXMAXLEN, IDXTYPE, DEFAULTFILTER, DEFAULTVALUE, MANDATORY) VALUES (2, 2, 'CUSTNO', 'Customer Number', 20, 'S', '', '', 'N');
INSERT INTO INDEXES (INDEXID, SEQ, IDXCOLNAME, IDXDISPLAYNAME, IDXMAXLEN, IDXTYPE, DEFAULTFILTER, DEFAULTVALUE, MANDATORY) VALUES (2, 3, 'CUSTNAME', 'Customer name', 30, 'S', '', '', 'N');
INSERT INTO INDEXES (INDEXID, SEQ, IDXCOLNAME, IDXDISPLAYNAME, IDXMAXLEN, IDXTYPE, DEFAULTFILTER, DEFAULTVALUE, MANDATORY) VALUES (2, 4, 'PONUM', 'PO Number', 20, 'S', '', '', 'N');
INSERT INTO INDEXES (INDEXID, SEQ, IDXCOLNAME, IDXDISPLAYNAME, IDXMAXLEN, IDXTYPE, DEFAULTFILTER, DEFAULTVALUE, MANDATORY) VALUES (3, 1, 'PONUM', 'Order number', 20, 'S', '', '', 'N');
INSERT INTO INDEXES (INDEXID, SEQ, IDXCOLNAME, IDXDISPLAYNAME, IDXMAXLEN, IDXTYPE, DEFAULTFILTER, DEFAULTVALUE, MANDATORY) VALUES (3, 2, 'INVOICENUM', 'Invoice Number', 20, 'S', '', '', 'N');
INSERT INTO INDEXES (INDEXID, SEQ, IDXCOLNAME, IDXDISPLAYNAME, IDXMAXLEN, IDXTYPE, DEFAULTFILTER, DEFAULTVALUE, MANDATORY) VALUES (3, 3, 'SHIPDATE', 'Shipment Date', 12, 'D', '', '', 'N');
INSERT INTO INDEXES (INDEXID, SEQ, IDXCOLNAME, IDXDISPLAYNAME, IDXMAXLEN, IDXTYPE, DEFAULTFILTER, DEFAULTVALUE, MANDATORY) VALUES (3, 4, 'PODATE', 'Order Date', 12, 'D', '', '', 'N');


INSERT INTO NOTES (NOTEDATA, DOCUMENTID, USERNAME, ACTIVE, NOTETYPE, CREATED) VALUES ('testing note', 10, 'ADMINISTRATOR', 'Y', 'P', '2018-05-30 15:29:08.378000000');
INSERT INTO NOTES (NOTEDATA, DOCUMENTID, USERNAME, ACTIVE, NOTETYPE, CREATED) VALUES ('note 2', 11, 'ADMINISTRATOR', 'Y', 'P', '2018-05-30 15:30:51.296000000');


INSERT INTO PASSWORDHISTORY (USERID, PASSWORD, CHANGEDATE) VALUES (1, '0DPiKuNIrrVmD8IUCuw1hQxNqZc=', '2018-04-27 12:53:55.573000000');


INSERT INTO PERMISSIONS (CLASSID, USERID, VALUE) VALUES (1, 1, 511);
INSERT INTO PERMISSIONS (CLASSID, USERID, VALUE) VALUES (2, 1, 511);
INSERT INTO PERMISSIONS (CLASSID, USERID, VALUE) VALUES (3, 1, 511);
INSERT INTO PERMISSIONS (CLASSID, USERID, VALUE) VALUES (4, 1, 511);


INSERT INTO REVISIONHISTORY (DOCUMENTID, REVISIONID, USERNAME, USERACTION, COMMENTS, DATEOFACTION) VALUES (3, '1.0', 'ADMINISTRATOR', 'OBJECT CHECKED OUT', 'Document checked out', '2018-05-02 12:55:37.210000000');
INSERT INTO REVISIONHISTORY (DOCUMENTID, REVISIONID, USERNAME, USERACTION, COMMENTS, DATEOFACTION) VALUES (3, '1.0', 'ADMINISTRATOR', 'CANCELLED CHECKOUT', 'Checkout cancelled', '2018-05-02 12:55:57.643000000');
INSERT INTO REVISIONHISTORY (DOCUMENTID, REVISIONID, USERNAME, USERACTION, COMMENTS, DATEOFACTION) VALUES (3, '1.0', 'ADMINISTRATOR', 'OBJECT CHECKED OUT', 'Document checked out', '2018-05-02 12:57:48.443000000');
INSERT INTO REVISIONHISTORY (DOCUMENTID, REVISIONID, USERNAME, USERACTION, COMMENTS, DATEOFACTION) VALUES (3, '1.0', 'ADMINISTRATOR', 'CANCELLED CHECKOUT', 'Checkout cancelled', '2018-05-02 12:57:57.259000000');
INSERT INTO REVISIONHISTORY (DOCUMENTID, REVISIONID, USERNAME, USERACTION, COMMENTS, DATEOFACTION) VALUES (4, '1.0', 'ADMINISTRATOR', 'OBJECT CHECKED OUT', 'Document checked out', '2018-05-02 12:59:47.202000000');
INSERT INTO REVISIONHISTORY (DOCUMENTID, REVISIONID, USERNAME, USERACTION, COMMENTS, DATEOFACTION) VALUES (4, '1.0', 'ADMINISTRATOR', 'CANCELLED CHECKOUT', 'Checkout cancelled', '2018-05-02 13:01:14.363000000');


INSERT INTO USERS (USERNAME, PASSWORD, USERDESC, USEREMAIL, USERTYPE, REALNAME, IPADDRESS, LASTLOGINDATE, HITLISTSIZE, CHECKOUTPATH, SHOWTHUMBNAIL, METACOLUMN, ACTIVE, LOGGEDIN, PROFILEPICTURE) VALUES ('ADMINISTRATOR', '0DPiKuNIrrVmD8IUCuw1hQxNqZc=', 'DMS Administrator', 'rahul.kubadia@primeleaf.in', 'A', 'Administrator', '0:0:0:0:0:0:0:1', '2018-05-30 15:24:31.903000000', 10, 'C:/TEMP', 'TRUE', 447, 'Y', 'N', null);